"p_val","avg_log2FC","pct.1","pct.2","p_val_adj","cluster","gene"
2.31230530134329e-183,4.21515224653597,0.93,0.129,4.93677181836792e-180,"0","zfh1"
1.0761231356981e-191,3.84834184162137,1,0.271,2.29752289471545e-188,"0","twi"
2.47224719005413e-160,3.65177739785054,0.863,0.106,5.27824775076556e-157,"0","stumps"
4.03425449831143e-188,3.62677005667134,0.988,0.202,8.6131333538949e-185,"0","sna"
3.97578815420334e-112,3.5871178605136,0.703,0.111,8.48830770922413e-109,"0","Act87E"
2.70635622380746e-181,3.51389438752215,1,0.313,5.77807053782893e-178,"0","ventrally-expressed-protein-D"
2.79078489069473e-54,3.4452363772259,0.468,0.099,5.95832574163324e-51,"0","RhoL"
8.66978464530376e-130,3.38936439944562,0.79,0.133,1.85099902177235e-126,"0","tin"
2.01893977929875e-110,3.10647651339575,0.743,0.139,4.31043642880284e-107,"0","sprt"
8.88243468569864e-61,2.7409495352894,0.475,0.079,1.89639980539666e-57,"0","rgr"
3.5407529448647e-77,2.13579007254046,0.899,0.427,7.55950753728614e-74,"1","ths"
1.34950585167067e-28,2.03357256895406,0.453,0.163,2.88119499331688e-25,"1","sad"
3.5724949936501e-47,1.99104684781262,0.681,0.274,7.62727681144297e-44,"1","pyr"
1.83452617883858e-51,1.78673742604783,0.762,0.304,3.91671339182036e-48,"1","Trim9"
3.40030091937853e-45,1.77064453285542,0.834,0.601,7.25964246287315e-42,"1","SoxN"
3.29441163089437e-09,1.53707930225418,0.254,0.12,7.03356883195948e-06,"1","ac"
3.68911434323453e-42,1.53651255981319,0.824,0.472,7.87625912280572e-39,"1","wb"
2.17862417312487e-08,1.5309664857863,0.267,0.141,4.65136260962161e-05,"1","vnd"
3.78812558920849e-13,1.51760435366337,0.41,0.225,8.08764813296013e-10,"1","vn"
2.07052944579299e-43,1.50702290475516,0.915,0.698,4.42058036676804e-40,"1","sca"
2.05989267062154e-17,1.2605353791932,0.744,0.596,4.39787085177699e-14,"2","Atx-1"
5.17043776661242e-11,1.05182164174206,0.722,0.586,1.10388846317175e-07,"2","Prx2540-1"
0.00013323218930273,0.892695885241666,0.297,0.199,0.284450724161328,"2","sob"
4.3612198422082e-05,0.890868451047559,0.492,0.386,0.0931120436311451,"2","Prx2540-2"
3.71255647938926e-15,0.869013587741109,0.654,0.41,7.92630808349607e-12,"2","veil"
4.69300310508262e-15,0.755079047434875,0.707,0.485,1.00195616293514e-11,"2","aay"
2.18059368296936e-19,0.697016206359487,0.752,0.426,4.65556751313957e-16,"2","5-HT2A"
0.00426083778804037,0.617385514774727,0.372,0.29,1,"2","Thor"
7.98181202327168e-25,0.542234314734512,1,0.994,1.7041168669685e-21,"2","Tom"
0.00618806971266132,0.486998761683191,0.477,0.425,1,"2","zetaCOP"
6.88418022831622e-45,4.39787028594849,0.318,0.026,1.46977247874551e-41,"3","SP2353"
1.66626734549225e-34,4.27915760081219,0.523,0.137,3.55748078262594e-31,"3","toy"
4.89377013960169e-49,4.04289729410903,0.402,0.043,1.04481992480496e-45,"3","tll"
2.00427107447355e-72,3.85305850799181,0.591,0.069,4.27911874400103e-69,"3","Adgf-A"
1.81881572440946e-21,3.45367539194272,0.265,0.048,3.88317157161419e-18,"3","so"
4.93507055815791e-17,3.45122214084687,0.318,0.091,1.05363756416671e-13,"3","ab"
3.56331401306083e-20,3.44657388083315,0.432,0.142,7.60767541788488e-17,"3","amd"
5.46139781121603e-17,2.76815560765245,0.258,0.055,1.16600843269462e-13,"3","Aldh"
3.74618335758225e-13,1.83136968898848,0.333,0.112,7.9981014684381e-10,"3","tld"
2.58424155375165e-51,1.5961568500209,0.992,0.956,5.51735571725977e-48,"3","Sec61beta"
2.11952542728975e-14,1.822777146825,0.534,0.21,4.52518678726363e-11,"4","Sdr"
8.12890966348393e-08,1.66086476932965,0.807,0.626,0.000173552221315382,"4","sog"
0.00197874110166385,1.36907267903943,0.261,0.154,1,"4","Spn"
0.00152498300435741,1.23129197337957,0.318,0.202,1,"4","alpha-Man-Ib"
0.000871265644868752,1.19705634086695,0.307,0.179,1,"4","Rfabg"
0.00545875155582596,1.12671147800646,0.318,0.212,1,"4","Abl"
1.09864765322527e-09,1.08497868722238,0.886,0.739,2.34561273963594e-06,"4","sca"
3.40709895485332e-19,1.08074840316425,0.955,0.841,7.27415626861184e-16,"4","Sap-r"
0.00316222061208993,1.06565593286704,0.398,0.291,1,"4","Spn88Ea"
0.00918625425086381,1.04343371357167,0.273,0.179,1,"4","Tom70"
1.61045799536156e-106,6.22952697835605,0.682,0.036,3.43832782009693e-103,"5","zen2"
1.41069061212577e-90,5.53159719019704,0.565,0.026,3.01182445688853e-87,"5","ana"
1.03988312109793e-93,5.38984677754867,0.812,0.084,2.22015046354408e-90,"5","zen"
2.15851121465223e-27,5.36318734864365,0.259,0.025,4.60842144328251e-24,"5","scb"
3.19212800962736e-100,4.83317067190514,0.847,0.082,6.81519330055442e-97,"5","Alk"
3.90244912047936e-82,4.27733001456377,0.976,0.196,8.33172887222343e-79,"5","tup"
8.79559738273845e-46,4.124807931776,0.471,0.052,1.87786004121466e-42,"5","Ance-2"
1.07572882748056e-81,4.02448104980217,0.941,0.169,2.29668104667099e-78,"5","ush"
1.35733277381136e-57,4.0006855246282,0.835,0.182,2.89790547208726e-54,"5","Ance"
1.19871422084897e-56,3.9461111216102,0.918,0.261,2.55925486151256e-53,"5","Z600"
1.06055704729955e-65,6.75080684913044,0.632,0.016,2.26428929598453e-62,"6","Ptx1"
1.10647658113119e-63,6.39248590186972,0.632,0.017,2.36232750071508e-60,"6","a"
1.19158726699453e-21,5.90163647450958,0.368,0.021,2.54403881503331e-18,"6","SP1173"
7.23567290187853e-23,5.4772810987052,0.421,0.027,1.54481616455107e-19,"6","Rcd2"
1.30401962000549e-31,5.44653962331064,0.474,0.023,2.78408188871171e-28,"6","Sox21a"
3.28976780444677e-21,5.06537150456646,0.895,0.178,7.02365426249386e-18,"6","ps"
8.62219958892184e-22,4.79116236994368,0.526,0.046,1.84083961223481e-18,"6","Zip71B"
1.49418355101355e-11,3.64411104235662,0.579,0.117,3.19008188141393e-08,"6","term"
7.95283395102796e-06,3.17639987706774,0.526,0.19,0.0169793004854447,"6","Sirup"
8.55996643170155e-15,3.03752379704741,0.579,0.082,1.82755283316828e-11,"6","sim"
